company,Owner Name,mobile,email,address,pincode,city,website,category,State
Talwalkars Gym,Anjali,9815484161,ig@talwalkars.net,Sector 9  326,160009,Chandigarh,www.talwalkars.net,Gymnasiums/Health Clubs,
Fitmann Fitness Equipment,Deepak Singh,9814042105,dynamicmachines@gmail.com,Industrial Area Phase II Asharm Road 299,160002,Chandigarh,www.fitmann.com,Gymnasium Equipments,
Fitline Gym Equipments,Jitender,8800695926,sales@fitlineindia.com,Sector 20 MG Road ,121001,Faridabad,www.fitlineindia.com,Gymnasium Equipments,
Aqua Solutions,Anil Kaushal,9417047711,aquasol340@gmail.com,"Industrial Area Phase II Plot No 60, M I D C 340",160002,Chandigarh,www.aquasol.in,Gymnasiums/Health Clubs,
Fit Line,Puneet Nindra,9212609471,puneetfitline@gmail.com,Ardee City  A-14/28 B,122001,Gurgaon,www.fitline.com,Gymnasium Equipments,
Grand Slam Storefull Of Fitness,Amit,9871670650,grand_slamho@rediffmail.com,Abhay Singh Market M G Road 19,122001,Gurgaon,www.grandslamfitness.co.in,Gymnasium Equipments,
Living Well,Mahendra,9829466900,livingwellindia@yahoo.com,Gopalpura Anand Vihar A-57,302015,Jaipur,www.livingwellindia.com,Gymnasium Equipments,
Ganesham Fitness Zone,Amit Dhoka,9829272072,jaipur@goldsgymindia.com,Malviya Nagar  ,302017,Jaipur,www.goldsgymindia.com,Gymnasiums/Health Clubs,
Sunshine Fittness Pvt Ltd,Sangeeta Ranka,8955382360,sangeeta@fittnessinc.com,C Scheme Ramesh Marg E 145,302001,Jaipur,www.fittnessinc.com,Gymnasiums/Health Clubs,
Matrix Sales,Ashish Pareek,9214026493,sales@matrixsales.co.in,Tonk Road  41400,302015,Jaipur,www.matrixsales.co.in,Gymnasium Equipments,
Proline Fitness,Arun Pal Singh,9928090566,jaipur@cravatex.com,Adarsh Nagar Govind Marg 11-8A,302004,Jaipur,www.prolinefitness.in,Gymnasium Equipments,
Golds Gym,Lalit,9829272139,jaipur@goldsgymindia.com,Malviya Nagar  ,302017,Jaipur,www.goldsgymindia.com,Gymnasiums/Health Clubs,
Grand Slam Storefull Of Fitness,Mr.Abhay Nath,9350597206,grand_slamho@rediffmail.com,Indirapuram  56,201001,Ghaziabad,www.grandslamfitness.co.in,Gymnasium Equipments,
Profit Fitness,Mr Sunil Baveja,9829033072,hindsports@yahoo.co.in,"Raja Park   Showroom No.1,Adarsh Vidya Mandir School,Govind Marg",302004,Jaipur,ww.profitfitness.com,Gymnasiums/Health Clubs,
Charge Fitness,Mohims,9250037859,info@chargeup.in,Indirapuram  ,201010,Ghaziabad,www.chargeup.in,Gymnasiums/Health Clubs,
Rishi Industries,Bhawnesh,9829029697,info@rishifitness.com,Pratap Nagar  A-60,342004,Jodhpur,www.rishifitness.com,Gymnasium Equipments,
Deepa Travels,Smith Puri,9888079019,deepatravels@hotmail.com,Mall road Sidhpeeth ,141001,Ludhiana,www.deepatravels.com,Gymnasiums/Health Clubs,
Libra Health Club,Deepak Parashar,9815077474,drdeepak@mail.com,Firozpur Road 1st Main 3rd stage 2nd Block ,141001,Ludhiana,www.librahealthclub.com,Gymnasiums/Health Clubs,
Assotech Electronics Pvt Ltd,Dr Dinesh Kapoor,9810285650,info@fitness-world.in,Sector 63 Gautam Budh Nagar A 43,201301,Noida,www.fitness-world.in,Gymnasium Equipments,
Fitline Gym Equipments,Vivek,8800695910,sales@fitlineindia.com,Sector 38  327-D,201301,Noida,www.fitlineindia.com,Gymnasium Equipments,
Bodycraft Sports Pvt Ltd,Mr Rajeender Singh,9811167494,bodycraftsport@yahoo.co.in,"Ghaziabad NULL Building 5/C,Kailash Nagar",201301,Noida,www.bodycraftsport.com,Gymnasium Equipments,
Grand Slam Fitness Pvt Ltd,Sanjay Kotha,9313313955,info@grandslamfitness.co.in,Sector 58 NULL C-58,201301,Noida,www.grandslamfitness.co.in,Gymnasium Equipments,
Body Balance,Prashant Raja,9825460306,bodybalancesurat@gmail.com,Nanpura S C Road 1/785,395001,Surat,www.bodybalancesurat.com,Gymnasiums/Health Clubs,
Barbarian Power Gym Pvt Ltd,Urvish Patel,9376980460,barbarian.surat@yahoo.com,Dumas Road Solapur Mumbai High Way 319,395007,Surat,www.barbarianpowergym.com,Gymnasiums/Health Clubs,
Health Wealth & Happiness,Hardik Contractor,9726695038,healthyworld100@gmail.com,Bhatar Road Chinchwad Road U 15,395001,Surat,www.myrealwealth.in,Gymnasiums/Health Clubs,
Contours,Partha Mehta,9426372727,contours.vadodara@contoursindia.in,Vasna Road NULL A/2,390007,Vadodara,www.contoursindia.in,Gymnasiums/Health Clubs,
New Hercules Health Spa,Firdaus Patva,9662998897,firdaus@vadodaramailinglist.com,Gotri Road NULL 73,390021,Vadodara,www.vadodaramailinglist.com,Gymnasiums/Health Clubs,
Fitness World,Aslam,9879532382,fitnessworlddjk@yahoo.com,Alkapuri Railway Colony 6,390007,Vadodara,www.fitness-world.in,Gymnasium Equipments,
Xpower Nutrition Pvt Ltd,Nisha,9825244450,xpowernutrition@gmail.com,Alkapuri  1,390007,Vadodara,www.fitnessdirect.in,Gymnasium Equipments,
Home Fitness Direct,Shyam Prabhakar,9998217845,homefitnessdirect@hotmail.com,Race Course Circle  41306,390007,Vadodara,www.homefitnessdirect.co.uk,Gymnasium Equipments,
Hara Synosure Fitness Equipment Pvt Ltd,Surendra,9886391136,harasynosureindia@gmail.com,Katraj Handewadi Chowk 16/2,411046,Pune,www.harasynosureindia.com,Gymnasium Equipments,
Fitness Corner,Sanjay Toliya,9377635763,fitnesscorner.fitness@gmail.com,Alkapuri Science City Road ,390007,Vadodara,www.afton.in,Gymnasium Equipments,
Talwalkars Gym,Rasima,8805344501,ringroad@talwalkars.net,Kothrud 4th  Sectors 14th Main 41276,411038,Pune,www.talwalkars.net,Gymnasiums/Health Clubs,
Summit Fitness Equipment,Aasif Shaikh,9158438660,summitfitness.co@gmail.com,Pimpri Sola Road A 12,411018,Pune,www.summitfitness.com,Gymnasium Equipments,
Home Fitness,Ashish Grover,9890990022,oriental_sports@hotmail.com,M G Road Camp Cantonment 247,411001,Pune,www.homefitnessdirect.co.uk,Gymnasium Equipments,
Mantra Resort,Shailesh Vichare,9881370643,info@mantraresort.com,"Navi Peth Navi Peth, LBS Road, Pune 63",411030,Pune,www.mantra.com,Gymnasiums/Health Clubs,
Spavy Fitness Equipments Pvt Ltd,Subodh Gokhale,9881409163,contact@spavyfitness.com,Kothrud  P1/5,411038,Pune,www.spavyfitness.com,Gymnasium Equipments,
Gold Gym,Mr Anil,9604025000,aundh.pune@goldgymindia.com,Nagar Road Daba Colony A 127/1,411014,Pune,www.goldsgymindia.com ,Gymnasiums/Health Clubs,
Ensigns Healthcare,Mrs Shankari,9881159261,ensignshealthcare@gmail.com,Baner Gaon NULL 3,411045,Pune,www.ensignshealthcare.com,Gymnasium Equipments,
Deluxe Sports Industries,Amrish,9822522224,deluxesports@yahoo.co.in,Wanawadi NULL 4,411040,Pune,www.deluxesportsind.com,Gymnasium Equipments,
ABS Fitness & Wellness Club,Shalu,9822290727,corpsales@absfitness.in,Bund Garden Road 4 Cross 8 Main T/9,411001,Pune,www.absfitness.in,Gymnasiums/Health Clubs,
Minal Abhyankar,Ms Minal Abhyankar,9423566648, ,Bibwewadi NULL C/3/7,411037,Pune,0,Gymnasiums/Health Clubs,
Optimum Health Gym,Aniket Yande,9881121667,optchin@optimumhealth.in,Pimple Saudagar Tilak Madan 313,411027,Pune,www.optimumhealth.in,Gymnasiums/Health Clubs,
D S Engineering,Sanjay Sawant,9011075674,dsengineeringbodymaster@gmail.com,"Prabhat Road Sakal Nagar, Baner Road 38/18",411004,Pune,www.bodymasterindia.com,Gymnasium Equipments,
ABS Fitness & Wellness Club,Faizan Khan,9860643987,corpsales@absfitness.in,Pimpri  503,411018,Pune,www.absfitness.in,Gymnasiums/Health Clubs,
Summit Fitness Equipment,Mr Saad,9881878207,summitfitness.co@gmail.com,Chinchwad Bhattha 6,411019,Pune,www.summitfitness.com,Gymnasium Equipments,
Rohidas Enterprises,Mr. Rohidas Kakare,9822065738,rohidasenterprises@gmail.com,"Warje Hoodi S No 44-1,Raghwani Complex,N D A Road,Ganapati Matha,Near Ganesh Mandir,Malwdi,Warje Near Ganesh Mandir",411058,Pune,www.goldenpools.in,Gymnasiums/Health Clubs,
Reflex Gym & Fitness Center,nitin kushekar,9850809409,nitin.fitnessconsultant@gmail.com,"Pisoli Vishal Corner, Link Road ",411028,Pune,www.raflexfitness.com,Gymnasiums/Health Clubs,
Body Kraft Fitness Studio,Mr Nitesh Tapkir,9673551818,bodykraft.fitnessstudio@gmail.com,Pimpri NULL ,411018,Pune,www.bodykraftfitness.com,Gymnasiums/Health Clubs,
Topspin India Health Care Pvt Ltd,Baqar Nasser,9920084440,info@topspinindia.com,Nepensea Road Malabar Hill 16/A,400036,Mumbai,www.topspinindia.com,Gymnasiums/Health Clubs,
My Fitness Centre,Parag,9029999675,myfitnesscentre@gmail.com,Dadar West Doctor Bhavani Shankar Road ,400028,Mumbai,www.myfitnesscentre.in,Gymnasiums/Health Clubs,
The Country Club,Suman,9892692115,bhajuram@countryclubmail.com,"Andheri 6th Cross 1st main C/17, B/5",400053,Mumbai,www.countryclubbombay.com,Gymnasiums/Health Clubs,
Home Fitness Direct,Answar Ansari,9820023221,mumbai@homefitnessdirect.in,D Road  ,400020,Mumbai,www.homefitnessdirect.co.uk,Gymnasium Equipments,
Sadguru Mission Fitness,Ramdas Shenoy,9820289021,missionfitness@yahoo.com,Sandhut Road  7,400009,Mumbai,www.missionfitess.co.in,Gymnasiums/Health Clubs,
Global Corporation,Pathak J K,9869008156,global_corporation2000@yahoo.co.in,Jogeshwari West  A/9,400102,Mumbai,www.globalpathak.com,Gymnasium Equipments,
Fitness Guru,Ms Meenakshi,9619713160,akash.embryologist@gmail.com,"Malad East Kirnai Road Allmujdilfa, 7th Floor Room 70",400097,Mumbai,www.noidafitnessguru.com,Gymnasium Equipments,
Total Sports & Fitness,Prabhat Maurya,9619190912,info@totalsf.in,Dadar NULL 806,400014,Mumbai,www.totalsf.in,Gymnasium Equipments,
Big Boss Beauty Parlour,Ms Asha Pai,9833940306,info@harishbigboss.com,"Borivali West Man Darwaja Building No - 3, Sundaram,Raiy",400092,Mumbai,www.harishbigboss.com,Gymnasiums/Health Clubs,
Steam & Sauna Paradise,Anshu Sood,9871520888,info@steamnsauna.com,Jiwan Nagar  207-D,110014,Delhi,www.steamnsauna.com,Gymnasium Equipments,
Madhuri Ruias Integym,Shruti,9820224323,contact@integym.com,C S M Road NULL 1-A 7,400039,Mumbai,www.integym.com,Gymnasiums/Health Clubs,
Emergent Medi Tech India Pvt Limited,Ms Jessica Fernandes,9869694245,altaf.faiyaz@emergent.in,"Kurla West Udhna Main Road Gala No 118, Damji Shamji Indu",400070,Mumbai,www.emergent.in,Gymnasium Equipments,
Elite Fitness,Mr Sunil Kudva,9833935919,elite.fitness.info@gmail.com,"Gamdevi NULL Basement, Ocean Prince Buildin",400007,Mumbai,www.elitefitness.in,Gymnasiums/Health Clubs,
Elite Fitness,Sunil Kudva,9320088191,elite.fitness.info@gmail.com,Perry Cross Road Main Road ,400050,Mumbai,www.elitefitness.in,Gymnasium Equipments,
Fit Line,Mr . Harmeet Singh,9810069888,harmeetfitline@gmail.com,Shahzada Bagh Old Rohtak Road 308 / 9,110035,Delhi,www.fitlineindia.com,Gymnasium Equipments,
Energie Gym & Spa,Pankaj,9266629004,info@energieindia.com,Rajouri Garden Shivaji Enclave Gn-2,110027,Delhi,www.energieindia.com,Gymnasiums/Health Clubs,
Talwalkers,Sunil,9990574911,tnagar@talwalkers.net,Greater Kailash II M Block Market M-63,110048,Delhi,www.talwalkers.net,Gymnasiums/Health Clubs,
Amazing Health Solutions,Rajeev Walia,9810133374,info@ahsdelhi.com,Raja Garden  WZ-106/144,110027,Delhi,www.ahsdelhi.com,Gymnasiums/Health Clubs,
Proline Fitness,Mr. Jatin,9711147085,hauz.khas@cravetex.com,East Of Kailash  ,110065,Delhi,www.prolinefitness.in,Gymnasium Equipments,
Mantra 4 Fitness,Megha Oberoi,9560013859,megha@mantra4fitness.com,Rajouri Garden  2,110027,Delhi,www.mantra4fitness.com,Gymnasiums/Health Clubs,
Proline Fitness,Sanjeev,9811045718,hauz.khas@cravetex.com,Hauz Khas Main Road G 1,110016,Delhi,www.prolinefitness.in,Gymnasium Equipments,
Grand Slam,Prateek Sood,9311128882,grand_slamho@rediffmail.com,Greater Kailash II Greater Kailash Part 2 M 74,110048,Delhi,www.grandslamfitness.co.in  ,Gymnasium Equipments,
J S N Healthcare Products,Arif Khan,9818783447,jsnmktg17@rediffmail.com,Dwarka Sector 4  123,110075,Delhi,www.jsnhealthindia.com,Gymnasium Equipments,
Fitline Gym Equipments,Rajkumar,8800695913,sales@fitlineindia.com,Paschim Vihar New Multan Nagar B-36,110063,Delhi,www.fitlineindia.com,Gymnasium Equipments,
Fit Line,mr puneet nindra,8800695914,puneetfitline@gmail.com,Hargovind Enclave  11,110092,Delhi,www.fitline.com,Gymnasium Equipments,
Energie Gym,Rahat,9266629016,info@energieindia.com,Anand Vihar Hargobind Enclave 115,110092,Delhi,www.energieindia.com,Gymnasiums/Health Clubs,
Fitline Gym Equipments,Anil,8800695915,sales@fitlineindia.com,Dwarka Sector 7  D-416,110075,Delhi,www.fitlineindia.com,Gymnasium Equipments,
Camel India,Pradeep Thapar,9310293295,india@yahoo.com,Anand Parbat Galli 4 A-13,110005,Delhi,www.camelindiadelhi.com,Gymnasium Equipments,
Power House Fitness Stores,Raj Dingra,9811202265,powerhousesports@hotmail.com,Hauz Khas  30,110016,Delhi,www.powerhousesportsinternational.com,Gymnasium Equipments,
Vanani Ayurveda,Mr Deepak Kumar,9999978018,info@vananiayurveda.com,"Connaught Place NULL 7, LGF, Jain Mandir Road",110001,Delhi,www.vananiayurveda.com,Gymnasiums/Health Clubs,
Parko Poolo Developers,Mr Shivam,9818738173,info@parkopoolo.com,"Mansrover Garden NULL Office No F/38, Shoping Center 1",110085,Delhi,www.parkopoolo.com,Gymnasiums/Health Clubs,
NAP Health And Fitness,Meenal Agarval,9008500025,info@napfit.in,Koramangala 4th Block ,560034,Bangalore,www.napfit.in,Gymnasiums/Health Clubs,
Golds Gym,Rohan Ajila,9886236909,richmond.bangalore@goldsgymindia.com,Richmond Town Convent Road 2,560025,Bangalore,www.goldsgymbangalore.com,Gymnasiums/Health Clubs,
H L Slimming Point & Hair Life,Manjunath T V,9845101328,info@hlslimmingpoint.net,Jayanagar 4th Block 8th Main Diagonal Road 73,560011,Bangalore,www.hlslimmingpoint.in,Gymnasiums/Health Clubs,
Heart Beat,Srinivas,9901099976,heartbeatblr@gmail.com,Yelahanka 1st Main A Sector 325,560064,Bangalore,www.heartbeatindia.com,Gymnasiums/Health Clubs,
Apurva Agencies,Manoj,9686048272,apurvagencies@gmail.com,Chamrajpet 5th Main Road 65 2,560018,Bangalore,www.apurvafitness.com,Gymnasium Equipments,
Stay Fit,Ganesh Reddy,9900111929,info@stayfitindia.com,Jayanagar 30th Cross 4th Block 120,560011,Bangalore,www.stayfitindia.com,Gymnasium Equipments,
Dollars Fitness Club,Keshav,9880956229,bel@snapfitnessindia.com,New BEL Road 2nd Floor 18,560054,Bangalore,www.snapfitnessindia.com,Gymnasiums/Health Clubs,
Contours International Womens Health And Fitness Studio,Chandra gopalan,9845540806,preeti@contoursinternational.in,Jayanagar 7th Block 1st Floor 9th Cross 540/1,560082,Bangalore,www.controursinternational.in,Gymnasiums/Health Clubs,
Fitness Cube,Praveen S P,9886772650,enquiry@fitnesscube.in,Padmanabhanagar 80 Feet Road Puttalingaiah Road 12,560070,Bangalore,www.fitnesscube.in,Gymnasiums/Health Clubs,
Grand Slam Fitness Pvt Ltd,G S Prasad,9632225327,info@grandslamfitness.co.in,Koramangala VI Bk 80 Feet Road 20th Main 8th Block 821,560095,Bangalore,www.grandslamfitness.co.in,Gymnasium Equipments,
Welcare Fitness Equipment,Ramesh Kumar Shetty,9900026315,info@welcareindia.com,Jayanagar S.L V Nilaya Chikka Devasandra KR Puram Krishnarajapuram 200/F/5/1,560011,Bangalore,www.welcareindia.com,Gymnasium Equipments,
S & T Welcare Equipments Pvt Ltd,Mr Mahesh C,9980875446,info@welcareindia.com,Hebbal NULL No.6,560024,Bangalore,www.welcareindia.com,Gymnasium Equipments,
Snap Fitness,Shwetha,9538447777,marthahalli@snapfitnessindia.com,Marathahalli Temple Street Sanjaynagar 1 And 2,560037,Bangalore,www.snapfitnessindia.com,Gymnasiums/Health Clubs,
Reforma Fitness,Vijay,9591064966,reforma247@gmail.com,Mathikere Caves Road 25,560054,Bangalore,www.reforma.in,Gymnasiums/Health Clubs,
Snap Fitness,Saveen Menon,9591445555,info@snapfitnessindia.com,Vijaya Nagar M G Road 998/20,560040,Bangalore,www.snapfitnessindia.com,Gymnasiums/Health Clubs,
A R Fitness,Asadullah Baig,9739742814,arfitness@vsnl.net,Jayanagar New Nagardas Road 1597,560041,Bangalore,www.arfitness.in,Gymnasium Equipments,
Fast Fitness Zone,Srinivasa,9342106842,velocityfitnessblr@gmail.com,Koramangala Gill Road 21 8,560034,Bangalore,www.velocityfitness.com,Gymnasium Equipments,
Fit Life Gym,K S Ram,8105291333,fitlifegym745@gmail.com,Marathahalli NULL No 141,560037,Bangalore,www.fitlifegym.in,Gymnasiums/Health Clubs,
Pro Fitness India Pvt Ltd,Madan Nair,9342506888,profitness@gmail.com,Infantry Road Sanand Cross Road Sarkhej 66 B 10/11,560001,Bangalore,www.homefietnessdirect.in,Gymnasium Equipments,
Cardiomed India Ltd,Amit,9845993336,cardiomedindia@airtelmail.in,Bellandur railway parallel road kumar park west 84,560103,Bangalore,www.cardiomedindia.com,Gymnasium Equipments,
Fitness One Group India Ltd,Wilston,9886000947,indiranagar@fitnessone.co.in,Byrasandra Phase IIl 16/1,560011,Bangalore,www.fitnessone.in,Gymnasiums/Health Clubs,
Fiitness Plus,Dr Suresh,9620162007,info@fitnesssolutions.in,Koramangala Tarwadi 5,560034,Bangalore,www.fitnessplus.in,Gymnasium Equipments,
Snap Fitness,VANSHIKA PRAMANIK,7829028888,bel@snapfitnessindia.com,Whitefield  ,560066,Bangalore,www.snapfitnessindia.com,Gymnasiums/Health Clubs,
Fitness Plus,Suresh,9902912037,drsuresh_2000@yahoo.com,Koramangala Sector 11 D Mini Market 5,560034,Bangalore,www.fitnessplus.in,Gymnasiums/Health Clubs,
Fitness Cafe,Mayak,9611578950,2mayankatrish@gmail.com,Koramangala Main Road ,560034,Bangalore,www.fitnesscafe.in,Gymnasiums/Health Clubs,
The Fitness Explorer,Suganthan,9972413241,fitnessxplorer@gmail.com,JP Nagar NULL #8,560078,Bangalore,www.fitnessexplorer.in,Gymnasiums/Health Clubs,
M 600 Fitness Station,Prasanth,9036239123,info@zainabalis.com,Sunkadakatte Bara Imam Rioad 14,560091,Bangalore,www.fitnessstation.com,Gymnasiums/Health Clubs,
Fitness Paradise,Shivakumar,9686425040,fitnessparadise2012@gmail.com,Hanumanthnagar Waghodia Road 43,560050,Bangalore,No,Gymnasiums/Health Clubs,
MBS GYMKHANA LTD,Shree Mohan,9810427717,admin@mydnshost.org,"D-26, Sector-3, Noida",201301,Noida,westgalleriamall.net,Gymnasiums/Health Clubs,
phpgym,Hamdard Kang,9876153052,no_contact@phpgym.com,Jalandhar,144001,Jalandhar,phpgym.com,Gymnasiums/Health Clubs,
universal fitnees gym,universal fitnees gym,9014623413,biradars9@gmail.com,chintal,110011,Hyderabad,universalfitneesgym.com,Gymnasiums/Health Clubs,
Mind Gym Kids Library,Brij Bhushan,9887822001,jaipur@mindgym.in,Vaishali Nagar Main Chitrakoot Marg C9/11,302021,Jaipur,www.mindgym.in,Libraries,
Universal Gym,Rajni nair,9428402401,universal_shanker@yahoo.com,Geb  18,390007,Vadodara,www.exceltreadmill.com,Material Handling Equipment,
Golds Gym,Gyan Rajpu,9825020456,gyan_26@rediffmail.com,"Akota Hunasamaranahalli,Hosahalli Road ",390020,Vadodara,www.goldsgymindia.com,Yoga Training Centres,
Golds Gym Fitness Institute,Munira Jawadwala Kawad,9223593156,ggu@goldsgymindia.com,Kandivali West Marol ,400067,Mumbai,www.goldsgymindia.com,Fitness Trainers & Consultants,
PLAY GYM,Ravi kukreja,8884725589,c.v.raman.nager@playgym.in, C.V. Raman Nagar Bangalore 560093 KARNATAKA ,560093,Bangalore,www.playgym.in,Gymnasiums/Health Clubs,
Aurangabad Gym Khana Club,Xavier Paul Sachin,9850819815,sales@ageindia.com, Kotwalpura Aurangabad 431001 MAHARASHTRA  ,431001,Aurangabad,www.agcindia.com,Gymnasiums/Health Clubs,
Talwalkars Gym,Girish Talwalkar,9967856664,wadala@talwalkars.net, Wadala West Mumbai 400031 MUMBAI   ,400031,Mumbai,www.talwalkars.net,Gymnasiums/Health Clubs,
Spartan Fitness Gym,Anand Kumar,9940344011,spartanfitnessindia@gmail.com, Virugambakkam Chennai 600092 CHENNAI   ,600092,Chennai,www.spartanfitnesscenter.com,Gymnasiums/Health Clubs,
Shivasunder Gym,Pushpa Sadasivan,9940612378,shivasundergym@yahoo.in,#28 Adyar Chennai 600020 CHENNAI   ,600020,Chennai,www.hospindia.com/shiva_sunder_hospital,Gymnasiums/Health Clubs,
The Gym,Jumeet,9811132031,Jumeet@thegym.in,"#6/15, Â Near Patel Nagar Metro Station Patel Nagar East Delhi 110008 DELHI   ",110008,Delhi,www.thegym.in,Gymnasiums/Health Clubs,
New Winner&apos;s Gym,Christopher,9840662362,christopher_0208@yahoo.com,"#550/690, Â Near Lakshmi Theatre Poonamallee High Road Chennai 600029 CHENNAI   ",600029,Chennai,www.newwinnersgym.in,Gymnasiums/Health Clubs,
Revital Gym,Preet,9871626767,info@revital.com,#45 Malviya Nagar Delhi 110017 DELHI   ,110017,Delhi,revitalgym.com,Gymnasiums/Health Clubs,
Golds Gym,Vahlra Arvarna,9769232808,rani_rarhsad@gamil.com,"4th Floor, Â Near Vashi Ralway Station Vashi Mumbai 400705 MUMBAI   ",400705,Mumbai,www.goldgymindia.com,Gymnasiums/Health Clubs,
Unik Fitness Gym,Mahita,9177208281,unik.fitness@gmail.com,"3rd Floor, Â Opposite Pizza hut Madhapur Hyderabad 500081 ANDHRA PRADESH ",500081,Hyderabad,www.unikfitness.com,Gymnasiums/Health Clubs,
Empower Gym & Fitness Club,Ruchi Seth,9334783344,emmartrading@gmail.com,"3rd Floor, Â Opposite Reliance Fresh Wanowrie Pune 411040 BIHAR & JHARKHAND ",411040,Pune,www.empowerfitnessclub.com,Gymnasiums/Health Clubs,
Fun N Fit Gym Pvt. Ltd.,Shamim Anis Ansari,9323537913,vikas@funandfit.in,"Agresen Tower, Kolbad Thane West Mumbai 400601 MUMBAI   ",400601,Mumbai,www.funandfit.in,Gymnasiums/Health Clubs,
Set Fit Gymnasium,Archana,9764625155,info@setfit.net,"House No. 311, Â Opposite Ranka Jewellers Hingane Khurd Pune 411051 MAHARASHTRA  ",411051,Pune,www.setfit.net,Gymnasiums/Health Clubs,
The Gym Health Planet,Manu Sharma,9599202222,shiv@thegym.in,"Hd-3, 1st &amp; 2nd floor,, Â Opposite metro pillar no. 361, Pitampura Delhi 110034 DELHI   ",110034,Delhi,www.thegym.in,Gymnasiums/Health Clubs,
Golds Gym,Arun Kumar,7350800900,goldsgyminbm@gmail.com,"No. 101, Â Near BizzBay Mall Kondhwa Khurd Pune 411048 MAHARASHTRA  ",411048,Pune,www.goldsgymindia.com,Gymnasiums/Health Clubs,
24 Fitness Gym & Health Center,Dinesh Kumar,8602102424,24fitness.24@gmail.com,"No. 108, Â Opposite Dana Pani Resturant Pipliyahana Indore 452016 MADHYA PRADESH & CHHATISGARH ",452016,Indore,www.24fitness.co.in,Gymnasiums/Health Clubs,
Bodyline Gym,Arindam,9836061000,bodylinesports@gmail.com,"No. 14-D, Â Opposite AAEI Ballygunge Kolkata 700019 KOLKATA   ",700019,Kolkata,wwwbodylinefitness.net,Gymnasiums/Health Clubs,
Talwalkars Gym,Talwalkars,9324225842,andheri@talwalkars.net,"No. 196, Â Opposite Kohinoor Continental Andheri East Mumbai 400059 MUMBAI   ",400059,Mumbai,www.talwalkars.net,Gymnasiums/Health Clubs,
Gold Gym,Raj Kiran,9830798570,alipore.kolkata@goldsgymindia.com,"No. 19-A, Â Near Enclave Shopping Mall Alipore Kolkata 700027 KOLKATA   ",700027,Kolkata,www.goldsgymindia.com,Gymnasiums/Health Clubs,
Powerhouse Gym,Supriya,7666323233,ghatkopar@gymindia.com,"No. 201, 2nd Floor, Â Near   brahman samaj hall Ghatkopar East Mumbai 400077 MUMBAI   ",400077,Mumbai,www.powerhousegymindia.com/,Gymnasiums/Health Clubs,
Power House Gym,Hemen solan ji,7208746063,versova@powerhousegyindia.com,"No. 301, 3rd Floor, Â Near Ganeshacharrya Hall Andheri West Mumbai 400053 MUMBAI   ",400053,Mumbai,www.powerhousegymindia.com/,Gymnasiums/Health Clubs,
Mickey Mehtas 360 Gym,Rumy,9820737171,mm360degree@gmail.com,"No. 41, 1st Floor, Â Near Sobo Centre Mall Tardeo Mumbai 400034 MUMBAI   ",400034,Mumbai,www.mickeymehtahbf.com,Gymnasiums/Health Clubs,
Talwalkars Gym,Dr. Selva,9833737852,juhu@talwalkars.net,"No. 34, Â Opposite Reliance Web World Juhu Mumbai 400049 MUMBAI   ",400049,Mumbai,www.talwalkars.net,Gymnasiums/Health Clubs,
Smith Multi Gym,Muralikrishna,9945137646,smithhiteckgym@gmail.com,"No. 431, 1st Main, Â Beside Bhagini Restaurant Sahakara Nagar Bangalore 560092 KARNATAKA ",560092,Bangalore,www.smithhiteckgym.com,Gymnasiums/Health Clubs,
Regal Gym,Dilprith,9888181570,Radnn@hotmail.com,"No. 81, Â Near Govind Sweet Sector 46 Chandigarh 160047 PUNJAB  ",160047,Chandigarh,www.regal.vox.com,Gymnasiums/Health Clubs,
Fun & Fit Gym Pvt. Ltd.,Rabi,9029044006,support@funandfit.in,"Plot No. 3, 1st Floor, Â Near ICICI Bank ATM Kharghar Mumbai 421200 MUMBAI   ",421200,Mumbai,www.funandfit.in,Gymnasiums/Health Clubs,
Addiction Gym & Spa,Vinod Rattan,9650023625,Shree@addictionindia.com,"Shop No. 9/14,Ground Floor, Â Near Siddharth Hotel East Patel Nagar Delhi 110008 DELHI   ",110008,Delhi,www.addictionindia.com,Gymnasiums/Health Clubs,
The Gym,Ritesh,9555055527,ritesh@thegym.in,"Shop No. H4/6, 2nd Floor, Â Near McDonald's Model Town Delhi 110009 DELHI   ",110009,Delhi,www.thegym.in,Gymnasiums/Health Clubs,
Fitstop Gym,Rahul singh,9999884800,info@fitstop.in,"Shop No. SCF46&amp;47, 1st Floor, Â Near Dena Bank Sector 15 Faridabad 121001 DELHI   ",121001,Faridabad,www.fitstop.in,Gymnasiums/Health Clubs,
The Gym,Siddharth,9871188882,siddharth@thegym.in,"Shop No. HD3, 2nd Floor, Â Near Gitanjali Jewels Pitampura Delhi 110034 DELHI   ",110034,Delhi,www.thegym.in,Gymnasiums/Health Clubs,NULL
UNIQUE GYM EQUIPMENT PVT. LTD.,Krunal Patel,7922760082,info@uniquegym.com,"Building Number 12, Agrawal Estate, Behind Swastic Textile, Gulab Nagar,",380026,Ahmedabad,uniquegymequipment.com,Gymnasiums/Health Clubs,NULL
Fittin Gym,Joginder Singh,8287582191,VIJAYREWLIYA321@GMAIL.COM,110 A DEVAT COLLONY,122001,Gurgaon,fittin.net,Gymnasiums/Health Clubs,NULL
Heqtors Gym,Swamy Aravind,9003210407,support@cosmichydraulics.in,"No 9, 2nd Cross Street, Opposite To First Source Thirumalai Nagar Annex, Perungudi",600096,Chennai,heqtorsgym.com,Gymnasiums/Health Clubs,NULL
bodycraft gym,bodycraft gym,8802695845,dayogesh53@gmail.com,rz-91 vashist park new delhi-46,110011,Delhi,bodycraftgyms.com,Gymnasiums/Health Clubs,NULL
Gymbo,M G,9882899093,heyagymbo@gmail.com,Ambala Ambala,134003,Ambala,gymbo.xyz,Gymnasiums/Health Clubs,NULL
citygoldgym,yashwant verma,9311619944,verma.yashwant84@gmail.com,"2866/213, vishram nagar, tri nagar",110035,delhi,citygoldgym.com,Gymnasiums/Health Clubs,NULL
Burn gym and spa private limited,Pankaj Kasrija,1724416063,kasrija@yahoo.com,"Flat No-6365|Rajiv Vihar, Manimajra",160101,Chandigarh,fitme360.com,Gymnasiums/Health Clubs,NULL
SUPER MULTI GYM,ARNAB DAS,9836171319,arnab9836171319@gmail.com,"post-bamangachi , baisali|p.s.- duttapukur , north 24 parganas",743248,Kolkata,supermultigyms.com,Gymnasiums/Health Clubs,NULL
Tech Gym Solutions Pvt. Ltd.,Manish Jayaswal,9819363572,ablemanish@gmail.com,Gurgaon,122001,Gurgaon,rentxprt.com,Gymnasiums/Health Clubs,NULL
Fittness point multi gym,Manoj Gupta,9570022022,manoj94gupta5@gmail.com,Karamtoli chowk nanhu complex,834009,Ranchi,fittnesspoint.com,Gymnasiums/Health Clubs,NULL
world88gym,harneel degra,9041551569,heftythehunk@yahoo.com,world88gym sutehri road,146001,Hoshiarpur,world88gyms.com,Gymnasiums/Health Clubs,NULL
BENEFIT EXPRESS GYM,Aditya Kumar,9711300005,k_aditya@ymail.com,"b 148, sector 50, noida",201301,Noida,prozata.com,Gymnasiums/Health Clubs,NULL
Iron Life Gym,Manimaran,9840856756,manimaran2233@gmail.com,"3145, TNHB, Avadi",600054,Chennai,ironlifegym.com,Gymnasiums/Health Clubs,NULL
Muscles Line Gym,Amol Bhise,9768727025,musclesline@gmail.com,khanda colony,410206,Mumbai,muscleslinegym.com,Gymnasiums/Health Clubs,NULL
GARDEN GYM,maNJIT SIDHU,9312261944,sidhumanjit7@yahoo.co.in,360 agcr enclave,110092,DELHI,eternityimpex.com,Gymnasiums/Health Clubs,NULL
Gym Time,Rajesh R,9884709851,r_rajesh_78@yahoo.com,"No 105&106 Raj towers 3rd floor, mogappair west main road nolamb ur, Mogappair West, Opp to French loaf",600037,Chennai,gymtimeindia.com,Gymnasiums/Health Clubs,NULL
engymaxx,Harshida Patel,9727260611,patel.hina.m@gmail.com,Ahmedabad,380026,Ahmedabad,engymaxx.com,Gymnasiums/Health Clubs,NULL
sapphiregym,sapphire gym,9907327043,sapphiregymindore@gmail.com,"plot no.69,scheme no.78 part 2 indore Not Available",452001,Indore,sapphiregym.com,Gymnasiums/Health Clubs,NULL
rose rock gym,pawan kumar,9417048965,kreativeproindia@yahoo.com,near jalandhar bye pass,141008,Ludhiana,martialartworld.com,Gymnasiums/Health Clubs,NULL
GYM FITNESS POINT,CHUNKEY PANDEY,9807897655,sureshkumar198689@yahoo.com,1256 PHASE 9,172001,SHIMLA,scofcomuscan.com,Gymnasiums/Health Clubs,NULL
Workout The Gym,Himanshu Yadav,9838280238,workoutthegym@gmail.com,46/6 Gokhale vihar Marg,226001,Lucknow,workoutthegym.com,Gymnasiums/Health Clubs,NULL
Synergy Gym,Jackwelin,7405885050,synergygym2015@gmail.com,"206,306, Kansas Complex, Near Cadila Bridge, Ghodasar Cross Road",380008,Ahmedabad,synergygym2015.com,Gymnasiums/Health Clubs,NULL
Ss fitness and gym center,Ss fitness and gym center,9838241551,choubey.rajkumar@gmail.com,"Ghazipur,India",110011,Ghazipur,ssfitnessgym.com,Gymnasiums/Health Clubs,NULL
Sam's Fitness Gym,Tulu Jena,9377889955,samsfitnessgym@gmail.com,Surat,394221,Surat,samsfitnessgym.com,Gymnasiums/Health Clubs,NULL
Mr. India&#39;s well Gym,Prantosh Dey,9830879389,mrindiaswellgym05@gmail.com,Sarisha Para More,712136,Kolkata,mrindiaswellgym.org,Gymnasiums/Health Clubs,NULL
gym,kunal parsana,9925335633,refreshfitness.jnd@gmail.com,301 saikrupa,362001,junagadh,refreshfitnessjnd.xyz,Gymnasiums/Health Clubs,NULL
The Hyderabad Gym Khana Club,Uday Devineni,4023608864,thehyderabadgymkhana@gmail.com,"Plot Number 7B & 7B|Road Number 2, Banjara Hills|Park View Enclave, Jubilee Hills",500034,Hyderabad,hyderabadgymkhanaclub.org,Gymnasiums/Health Clubs,NULL
Animal Gym,Animal Gym Khuyathong,7308952910,animalgymimphal@gmail.com,Khuyathong Polem Leikai,795001,Imphal,animalgym.org,Gymnasiums/Health Clubs,NULL
Body Sculptor Gym,Chirag,9825600165,bodysculptor09@gmail.com,Ahmedabad,380009,Ahmedabad,bodysculptorgym.com,Gymnasiums/Health Clubs,NULL
gymNearn,Ajinkya Joshi,8087051286,meajinkyajoshi@gmail.com,"1271, Sadashiv peth, suvinay apt pune.",411030,pune,gymnearn.com,Gymnasiums/Health Clubs,NULL
Bouncer gym,siddharth panwar,9711002971,siddh0285@gmail.com,48-d pocket - I dilshad garden,110095,delhi,bouncergym.com,Gymnasiums/Health Clubs,NULL
chanti gym,sai,7842796659,saikrishna.gudey1@gmail.com,"7-7-34,old bazaar street,tuni-533401",533401,Visakhapatnam,health-fitness-fatloss-abs-gym.com,Gymnasiums/Health Clubs,NULL
Seth G. S. M. C. Gymkhana,Jayesh Vira,9969468820,jayesh113.60@gmail.com,"16/A Vira Bldg, 1 st floor, Room number 4, Parel",400012,Mumbai,gosumec.com,Gymnasiums/Health Clubs,NULL
AquaGym,Susan Hunt,9958050387,hunt.susan010@gmail.com,"107, Jor Bagh",110003,Delhi,aquagym.asia,Gymnasiums/Health Clubs,NULL
GYMTREKKER FITNESS PRIVATE LTD,HARSHIT SETHY,9595054195,hsethy1@gmail.com,"B 104, SHRI SAINATH SOCIETY,",400055,Mumbai,fitnesstrekker.com,Gymnasiums/Health Clubs,NULL
burlybrosgym,paritosh singh,9636361203,paritoshsingh111@gmail.com,A 439 saraswati nagar basni 1st phase,342005,jodhpur,burlybrosgym.com,Gymnasiums/Health Clubs,NULL
21fitnessthegym,Gagandeep Chopra,9999473004,chopra.sunnychopra@gmail.com,385 A.G.C.R. Enclave,110092,Delhi,21fitnessluxurygym.com,Gymnasiums/Health Clubs,NULL
googymoon,Arshad Khan,9749480393,arshadayubkhan.bnp@gmail.com,"Hussainnagar, P.o- Dharampur , Burnpur",713325,Asansol,parweenconstruction.com,Gymnasiums/Health Clubs,NULL
Gymlife,Raghav Gupta,9999978188,raghavgupta1993@gmail.com,"14/6 ,shakti nagar",110007,Delhi,yoursuccessguru.com,Gymnasiums/Health Clubs,NULL
Gymographic,Rishi Swami,9987154033,rishi.swami20@gmail.com,Goregaon,400063,Mumbai,klikpass.com,Gymnasiums/Health Clubs,NULL
Uniquegym Equipments pvt. ltd,Ramesh Patel,9227176400,info@uniquegym.com,"12,Agrawal Estate,Nr.Swastik eng.,Gulabnagar",380026,Ahmedabad,uniquegymequipments.com,Gymnasiums/Health Clubs,NULL
Gymso,Rahil Abbas,9867435653,mafs.grp@gmail.com,Panchrathna,400612,Thane,eventpermission.com,Gymnasiums/Health Clubs,NULL
mygymnspa,hitendra bajak,8800657930,hitendra.bajak@yahoo.in,"MEGHWAL VAS MANDAR|TEH-REODAR, DIST-SIROHI RAJASTHAN",307513,Sirohi,mygymnspa.com,Gymnasiums/Health Clubs,NULL
New Delhi Gym Khana Club,Brijendra Agrwal,8800381917,newdelhigymkhanaclub@gmail.com,G 65 sector 63 Noida,201301,Noida,greenvillagesociety.com,Gymnasiums/Health Clubs,NULL
Dinesh Gym,Dinesh Gym,8100759473,dineshgym1990@gmail.com,Garia,700091,Kolkata,kolkatagymtrainer.com,Gymnasiums/Health Clubs,NULL
Biggymzone,Pendem Rajini,9550283999,edm12b023@iiitdm.ac.in,Nijampet  Above bajaj rangareddy dist.|Rajiv gandhi nagar  Bachupalli,50072,Hyderabad,biggymzone.com,Gymnasiums/Health Clubs,NULL
Golden Gym,Murugesh Babu,9751236373,babugoldengym@gmail.com,"1/A, Gnana Sammanthapuram Street,Mudangiyar Road,",626117,Rajapalayam,goldengymrjpm.net,Gymnasiums/Health Clubs,NULL
Unique Gym Equipment Pvt. Ltd.,Unique Gym Equipment Pvt. Ltd.,9122760082,sales@uniquegym.com,"No. 12, Agrawal Estate, Behind Swastik Textile, Gulabnagar Amraiwadi",380026,Ahmedabad,uniquegym.net,Gymnasiums/Health Clubs,NULL
Shree Hanuman Gym & Fitness Center,Bhupender Singh,9541142577,suniliimc@gmail.com,Inside Gosai Gate Barwala Road,125033,Hansi,shreehanumangym.com,Gymnasiums/Health Clubs,NULL
Gym Shoppee,UDIT GOSWAMI,8803200780,uditgoswami04@gmail.com,"Sector D Extension|Chowadi Road, SAINIK COLONY",180011,JAMMU,gymshoppee.com,Gymnasiums/Health Clubs,NULL
gymkijankaari.blogspot.com,Vijaypal Singh panwar,7746986336,panwarv25@gmail.com,Bherupachlana|vill.pachlanabil,456771,Barnagar,gymkijankaari.com,Gymnasiums/Health Clubs,NULL
BRIX GYM,Himanshu Aggarwal,9910610678,ankit_aggarwal@aol.in,B1/B6|Janakpuri,110058,Delhi,vishesheventz.com,Gymnasiums/Health Clubs,NULL
Kharghar Gymkhana,Gurmeet,9702232233,gurmeetsinghrao@gmail.com,"B/305, EMERALD BUILD, KIRTI C.H.S, PLOT- 46, SECTOR- 11, KHARGHAR,",410210,Mumbai,yurif.com,Gymnasiums/Health Clubs,NULL
Gym For You,Nimit Naik,9890947184,nimitnaik24@gmail.com,"Aundh, Pune",411007,Pune,gymforyou.net,Gymnasiums/Health Clubs,NULL
flex gym,shakir khan,7738141308,shakirchamp@gmail.com,sai baba nagar 90 feet road daharavi,400017,Mumbai,vflexgym.net,Gymnasiums/Health Clubs,NULL
master gym,pm velu,9445225224,goshinkaikaratedo@gmail.com,"I attorney road, mettupalayam",641301,coimbatore,goshinkaikaratedo.com,Gymnasiums/Health Clubs,NULL
,,,,,,,,,
"📂 Sample Database Preview
This is a sample database provided for your reference.
We upload new databases every week to ensure you always have access to fresh and relevant information.

📧 Note: If you are a registered customer, you will receive an email notification every time a new database is uploaded.

✅ Database Accuracy: Our databases maintain an accuracy rate of 80–90%, ensuring reliable and actionable data.

🔐 Access Duration: As a customer, you will receive 1-year access to our exclusive website portal, where you can view and download all updated databases.",,,,,,,,,
,,,,,,,,,
,,,,,,,,,
,,,,,,,,,
,,,,,,,,,
,,,,,,,,,
,,,,,,,,,
,,,,,,,,,
,,,,,,,,,
,,,,,,,,,
,,,,,,,,,
,,,,,,,,,
,,,,,,,,,
,,,,,,,,,
,,,,,,,,,
,,,,,,,,,
,,,,,,,,,
,,,,,,,,,
,,,,,,,,,
,,,,,,,,,
,,,,,,,,,
,,,,,,,,,
,you will get this too,,,,,,,,
,,,,,,,,,
,,,,,,,,,
,,,,,,,,,
,,,,,,,,,
,,,,,,,,,
,,,,,,,,,
,,,,,,,,,
,,,,,,,,,
,,,,,,,,,
,,,,,,,,,
,,,,,,,,,
,,,,,,,,,
,,,,,,,,,
,,,,,,,,,
,,,,,,,,,
,,,,,,,,,
,,,,,,,,,
,,,,,,,,,
,,,,,,,,,
,,,,,,,,,
,,,,,,,,,
,,,,,,,,,
,,,,,,,,,
,,,,,,,,,
,,,,,,,,,
,,,,,,,,,
,,,,,,,,,
,,,,,,,,,
,,,,,,,,,
,,,,,,,,,
,,,,,,,,,
,,,,,,,,,
,,,,,,,,,
,,,,,,,,,
,,,,,,,,,
,,,,,,,,,
,,,,,,,,,
,,,,,,,,,
,,,,,,,,,
,,,,,,,,,
,,,,,,,,,
,,,,,,,,,
,,,,,,,,,
,,,,,,,,,
,,,,,,,,,
,,,,,,,,,
,,,,,,,,,
,,,,,,,,,
,,,,,,,,,
,,,,,,,,,
,,,,,,,,,
,,,,,,,,,
,,,,,,,,,
,,,,,,,,,
,,,,,,,,,
,,,,,,,,,
,,,,,,,,,
,,,,,,,,,
,,,,,,,,,
,,,,,,,,,
,,,,,,,,,
,,,,,,,,,
,,,,,,,,,
,,,,,,,,,
,,,,,,,,,
,,,,,,,,,
,,,,,,,,,
,,,,,,,,,
,,,,,,,,,
,,,,,,,,,
,,,,,,,,,
,,,,,,,,,
,,,,,,,,,
,,,,,,,,,
,,,,,,,,,
,,,,,,,,,
,,,,,,,,,
,,,,,,,,,
,,,,,,,,,
,,,,,,,,,
,,,,,,,,,
,,,,,,,,,
,,,,,,,,,
,,,,,,,,,
,,,,,,,,,
,,,,,,,,,
,,,,,,,,,
,,,,,,,,,
,,,,,,,,,
,,,,,,,,,
,,,,,,,,,
,,,,,,,,,
,,,,,,,,,
,,,,,,,,,
,,,,,,,,,
,,,,,,,,,
,,,,,,,,,
,,,,,,,,,
,,,,,,,,,
,,,,,,,,,
,,,,,,,,,
,,,,,,,,,
,,,,,,,,,
,,,,,,,,,
,,,,,,,,,
,,,,,,,,,
,,,,,,,,,
,,,,,,,,,
,,,,,,,,,
,,,,,,,,,
,,,,,,,,,
,,,,,,,,,
,,,,,,,,,
,,,,,,,,,
,,,,,,,,,
,,,,,,,,,
,,,,,,,,,
,,,,,,,,,
,,,,,,,,,
,,,,,,,,,
,,,,,,,,,
,,,,,,,,,
,,,,,,,,,
,,,,,,,,,
,,,,,,,,,
,,,,,,,,,
,,,,,,,,,
,,,,,,,,,
,,,,,,,,,
,,,,,,,,,
,,,,,,,,,
,,,,,,,,,
,,,,,,,,,
,,,,,,,,,
,,,,,,,,,
,,,,,,,,,
,,,,,,,,,
,,,,,,,,,
,,,,,,,,,
,,,,,,,,,
,,,,,,,,,
,,,,,,,,,
,,,,,,,,,
,,,,,,,,,
,,,,,,,,,
and many more,,,,,,,,,
